"id","name","province_name","aliases_csv"
R80302369,Abdara,Khyber Pakhtunkhwa,""
R80302288,Khwazakhela,Khyber Pakhtunkhwa,""
R80302334,Landikotal,Khyber Pakhtunkhwa,""
R80302314,Aman Kot,Khyber Pakhtunkhwa,""
R80302345,Bakshi Pul,Khyber Pakhtunkhwa,""
R80302316,Manyar,Khyber Pakhtunkhwa,""
R80302375,Mingora,Khyber Pakhtunkhwa,""
R80302323,Pabbi,Khyber Pakhtunkhwa,""
R80302340,Ranjai,Khyber Pakhtunkhwa,""
R80302308,Bashir Abad,Khyber Pakhtunkhwa,""
R80302380,Shabqadar,Khyber Pakhtunkhwa,""
R80302344,Batrasi,Khyber Pakhtunkhwa,""
R80302353,Tappi,Khyber Pakhtunkhwa,""
RPK56,Alpuri,Khyber Pakhtunkhwa,""
R80302333,Chamkani,Khyber Pakhtunkhwa,""
R80302302,Aboha,Khyber Pakhtunkhwa,""
RPK3,Alipur,Punjab,""
R80302366,Battagram,Khyber Pakhtunkhwa,""
R80302376,Dir,Khyber Pakhtunkhwa,""
R80302386,Dingi,Khyber Pakhtunkhwa,""
R80302321,Gandaf,Khyber Pakhtunkhwa,""
R80302351,Garlat Balakot,Khyber Pakhtunkhwa,""
R80302326,Ghazi,Khyber Pakhtunkhwa,""
R80302318,Gurmani,Khyber Pakhtunkhwa,""
R80302298,Jalala,Khyber Pakhtunkhwa,""
R80302339,Khairabad,Khyber Pakhtunkhwa,""
R80302311,Char Bagh,Khyber Pakhtunkhwa,""
R80302381,Islampur,Khyber Pakhtunkhwa,""
R80302365,Gadoon,Khyber Pakhtunkhwa,""
R80302347,Matta,Khyber Pakhtunkhwa,""
R80302265,Shangla Hill,Khyber Pakhtunkhwa,""
R80302384,Kamalia,Khyber Pakhtunkhwa,""
R80302284,Timergera,Khyber Pakhtunkhwa,""
R80302327,Karnal Sher Kallay,Khyber Pakhtunkhwa,""
R80302268,Khushhal Kot,Khyber Pakhtunkhwa,""
R80302346,Kotla Mohsin Khan,Khyber Pakhtunkhwa,""
R80302291,Kund,Khyber Pakhtunkhwa,""
R80302278,Malikabad,Khyber Pakhtunkhwa,""
R80302277,Marghazar,Khyber Pakhtunkhwa,""
R80302293,Mouza Muhammad Khan,Khyber Pakhtunkhwa,""
R80302331,Nissata,Khyber Pakhtunkhwa,""
R80302271,Nizampur,Khyber Pakhtunkhwa,""
R80302300,Panr,Khyber Pakhtunkhwa,""
R80302390,Pir Piay,Khyber Pakhtunkhwa,""
R80302371,Qaldara,Khyber Pakhtunkhwa,""
R80302303,Rawlakot,Khyber Pakhtunkhwa,""
R80302337,Sangota,Khyber Pakhtunkhwa,""
R80302387,Sathi Town,Khyber Pakhtunkhwa,""
R80302379,Seni Gumbat,Khyber Pakhtunkhwa,""
R80302372,Shagai,Khyber Pakhtunkhwa,""
R80302335,Shirin Kotay,Khyber Pakhtunkhwa,""
R80302368,Sobra City,Khyber Pakhtunkhwa,""
R80302349,Tajori,Khyber Pakhtunkhwa,""
R80302304,Talash,Khyber Pakhtunkhwa,""
R80302275,Terbela Ghazi,Khyber Pakhtunkhwa,""
R80302281,Toru,Khyber Pakhtunkhwa,""
R80302382,Totakan,Khyber Pakhtunkhwa,""
R80302367,Wazir Bagh,Khyber Pakhtunkhwa,""
R80302422,Adamke Cheema,Punjab,""
R80302440,Adam Wehain,Punjab,""
R80302675,Ahsanpur,Punjab,""
RPK7205,Alam Garh,Punjab,""
RPK5785,Bara,Khyber Pakhtunkhwa,""
RPK5773,Jamrud,Khyber Pakhtunkhwa,""
R80302778,Amara Kalan,Punjab,""
R80302280,Akora Khattak,Khyber Pakhtunkhwa,""
R80302593,Aroop Town,Punjab,""
R80302696,Ali Pur Chattha,Punjab,""
R80302295,Aman Dara,Khyber Pakhtunkhwa,""
R80302394,Awagat,Punjab,""
R80302592,Badiana,Punjab,""
RPK7292,Bagrianwala,Punjab,""
R80302738,Bagwal Awan,Punjab,""
R80302544,Bahawal Garh,Punjab,""
R80302551,Bewal,Punjab,""
MRG-CITY-a2d6af0e-463,Sahiwal Chota,Punjab,""
MRG-CITY-bfb9ea19-d58,Sargodha Chak,Punjab,""
R80302545,Bhawana,Punjab,""
R80302594,Bhowanj,Punjab,""
R80302656,Chawinda,Punjab,""
R80302739,Choti,Punjab,""
R80302486,Dahranwala,Punjab,""
R80302751,Barian,Punjab,""
R80302559,Barjah,Punjab,""
RPK7278,Bazurgwal,Punjab,""
R80302775,Daultala,Punjab,""
R80302413,Dhoria,Punjab,""
R80302756,Bhaddar,Punjab,""
R80302742,Dina,Punjab,""
R80302473,Dukki,Punjab,""
RPK7284,Bhakoki,Punjab,""
R80302634,Puran,Punjab,""
R80302658,Baglow Yatimwala,Punjab,""
R80302480,Bhong,Punjab,""
R80302547,Ahmadpur East,Punjab,""
R80302470,Bhung,Punjab,""
RPK7200,Bhurch,Punjab,""
R80302601,Bhurban,Punjab,""
R80302587,Bindi,Punjab,""
R80302431,Domel,Punjab,""
R80302452,Chachran Sharif,Punjab,""
RPK7250,Chakanwali,Punjab,""
RPK7211,Chak Dhillu,Punjab,""
RPK7295,Chak Gillan,Punjab,""
RPK7242,Chak Khalaas,Punjab,""
RPK7201,Chak Pindi,Punjab,""
RPK7298,Chakrian,Punjab,""
RPK7221,Chak Sadda,Punjab,""
R80302510,Chela,Punjab,""
RPK7306,Cheni Nikowani,Punjab,""
R80302671,Chillianwala,Punjab,""
RPK7263,Chiryawala,Punjab,""
R80302542,Chitti Sheikhan,Punjab,""
RPK7256,Chopala,Punjab,""
RPK7261,Chowk Maitla,Punjab,""
R80302574,Chund Bharwana,Punjab,""
R80302800,Cod Kala,Punjab,""
R80302777,Dalowali,Punjab,""
R80302444,Dera Faridi,Punjab,""
R80302569,Dera Taj,Punjab,""
RPK7290,Dhool Khurd,Punjab,""
R80302460,Dilawar Cheema,Punjab,""
R80302692,Din Garh,Punjab,""
R80302729,Dodah,Punjab,""
RPK7228,Domeli,Punjab,""
RPK49,Dunga Bunga,Punjab,""
R80302609,Duranpur,Punjab,""
R80302393,Faizabad,Punjab,""
R80302420,Kallar Sayedan,Punjab,""
R80302436,Kamar Mushani,Punjab,""
R80302789,Fortabbas,Punjab,""
R80302427,Khairpur Tamewali,Punjab,""
R80302700,Gailywal,Punjab,""
R80302726,Garjakh,Punjab,""
R80302664,Ghakka Mitter,Punjab,""
R80302719,Khanqah Dogran,Punjab,""
R80302649,Ghaniaan,Punjab,""
R80302791,Gharial,Punjab,""
R80302516,Ghazipur,Punjab,""
RPK7296,Gillanwala,Punjab,""
R80302599,Gohad Pur,Punjab,""
R80302461,Khewra,Punjab,""
R80302618,Kot Chandna,Punjab,""
RPK7260,Haveli Lakha,Punjab,""
R80302620,Iskandarabad,Punjab,""
R80302402,Jamalpur,Punjab,""
R80306277,Jaranwala,Punjab,""
R80302617,Gakhar Chanan,Punjab,""
R80302489,Aminabad,Punjab,""
R80302608,Attock,Punjab,""
R80302588,Attowala,Punjab,""
R80302644,Baddomalhi,Punjab,""
R80302783,Bahawalnagar,Punjab,""
R80302319,Bala Garhi,Khyber Pakhtunkhwa,""
R80302512,Gagoo Mandi,Punjab,""
R80302766,Gopalpur,Punjab,""
R80302676,Garh Maharaja,Punjab,""
R80302715,Ghunike,Punjab,""
RPK7246,Ikhlasgarh,Punjab,""
R80302670,Gunna,Punjab,""
RPK7268,Hardas Pur,Punjab,""
R80302475,Hidayatabad,Punjab,""
R80302518,Hussain Abad,Punjab,""
RPK7225,Jaurah,Punjab,""
R80302556,Jhairanwala,Punjab,""
R80306616,Jhal Chakian,Punjab,""
RPK7230,Jhewranwali,Punjab,""
RPK7276,Karim Daad,Punjab,""
R80302712,Karimpura,Punjab,""
R80302623,Khaur,Punjab,""
R80302487,Khawaja Gunj,Punjab,""
RPK7235,Khojianwali,Punjab,""
R80302790,Kot Fateh Din,Punjab,""
R80302403,Kotha,Punjab,""
R80302479,Kot Haleem Khan,Punjab,""
R80302502,Kot Khizri,Punjab,""
R80302631,Kot Nakka,Punjab,""
R80302732,Kot Qutab,Punjab,""
R80302709,Dhunni,Punjab,""
RPK7285,Kung Bhudu,Punjab,""
R80302856,Digri,Sindh,""
R80302439,Dhudial,Punjab,""
R80302820,Daharki,Sindh,""
R80302421,Dhodak,Punjab,""
R80302704,Dijkot,Punjab,""
R80302562,Dinga,Punjab,""
R6109506,Diplo,Sindh,""
R80302911,Dokri,Sindh,""
RPK39,Dunyapur,Punjab,""
MRG-CITY-718d12b1-6a8,Faisalabad,Punjab,""
R80302781,Faqirwali,Punjab,""
R80306622,Farooqa,Punjab,""
R80302568,Fateh Jang,Punjab,""
RPK48,Fatehpur,Azad Kashmir,""
R80302660,Fazil Pur,Punjab,""
R80302750,Feroz Watan,Punjab,""
RPK1,Fort Abbas,Punjab,""
R80302730,Lodhran,Punjab,""
R80302306,Swabi,Khyber Pakhtunkhwa,""
R6589887,Bannu,Khyber Pakhtunkhwa,""
R80306612,Lak Mor,Punjab,""
RPK7249,Langrial,Punjab,""
R80302628,Lower Barian,Punjab,""
RPK7202,Makiana,Punjab,""
R80302823,Jacobabad,Sindh,""
R80302703,Jalal Pur Bhattian,Punjab,""
RPK5781,Jalalpur Pirwala,Punjab,""
R80302566,Malakwal,Punjab,""
R80306614,Mari Lak,Punjab,""
R80302706,Mandra,Punjab,""
R80302506,Mehrabad,Punjab,""
R80302614,Mehray Wala,Punjab,""
R80302657,Miani,Punjab,""
R80306620,Mona Depot,Punjab,""
R80302459,Muhammadpur,Punjab,""
R80302691,Mirpur,Punjab,""
R80306598,Mithalak,Punjab,""
R80302776,Narang Mandi,Punjab,""
R80302583,Nawan Jandanwala,Punjab,""
R80302478,Moazzamabad,Punjab,""
R80306618,Mona,Punjab,""
R80302579,Phalia,Punjab,""
R80302571,Pindi Gujran,Punjab,""
R80302746,Qila Didar Singh,Punjab,""
R80302674,Rajar,Punjab,""
R80302465,Mitran Wala,Punjab,""
R80302283,Bat Khela,Khyber Pakhtunkhwa,""
R80302639,Moch,Punjab,""
R80302520,Qasba Gujrat,Punjab,""
R80302598,Muradabad,Punjab,""
RPK7216,Musakamala,Punjab,""
R80302540,Mustafa Abad,Punjab,""
RPK7217,Nagrianwala,Punjab,""
R80302515,Nandipur,Punjab,""
R80302409,Nangal,Punjab,""
RPK7226,Nanohanda,Punjab,""
R80302780,Nawab Pur,Punjab,""
R80302573,Nawan Kot,Punjab,""
R80302621,Nawan Pind,Punjab,""
R80302533,Niaz Nagar,Punjab,""
R80302410,Noor Jamal,Punjab,""
R80302534,Noor Kot,Punjab,""
RPK7236,Pakhowal,Punjab,""
R80302648,Pir Ghani,Punjab,""
R80302395,Qadir Pur,Punjab,""
R80302553,Qasim Pur,Punjab,""
R80302416,Qila Ram Rang,Punjab,""
R80302745,Qila Sahib Singh,Punjab,""
RPK7222,Qilladar,Punjab,""
R80302640,Qudratabad,Punjab,""
R80302678,Rahimabad,Punjab,""
R80302567,Raj Kot,Punjab,""
R80302589,Rana Wahan,Punjab,""
RPK7204,Ranbarrian Wala,Punjab,""
R80302694,Rang Shah,Punjab,""
R80302612,Rani Pur,Punjab,""
RPK7233,Raniwal Syedan,Punjab,""
R80302686,Ratta Bajwa,Punjab,""
R80302560,Rehmat Abad,Punjab,""
R80302786,Sagri,Punjab,""
R80302399,Sarai Alamgir,Punjab,""
R80306608,Shahpur Sadar,Punjab,""
R80302701,Shinka,Punjab,""
R80302538,Sohawa,Punjab,""
R80302771,Tulamba,Punjab,""
R80302572,Waisa,Punjab,""
RPK7299,Sharaqpur Sharif,Punjab,""
R80302441,Behal,Punjab,""
R80302736,Bhabra,Punjab,""
R80306596,Bhagtanwala,Punjab,""
R80302443,Bhakkar,Punjab,""
R80302885,Bhan Saeead Abad,Sindh,""
R80302702,Bhaun,Punjab,""
R80302735,Bhera,Punjab,""
R80302844,Dadu,Sindh,""
RPK7302,Rolia,Punjab,""
RPK7240,Saddoki,Punjab,""
R80302851,Daur,Sindh,""
R80302845,Ghaus Pur,Sindh,""
R6109507,Islamkot,Sindh,""
RPK46,Sahuwala,Punjab,""
R80302846,Kamber,Sindh,""
RPK7271,Samma Satta,Punjab,""
R80302765,Yazman,Punjab,""
RPK7241,Sapra Syedan,Punjab,""
R80302794,Shah Nal,Punjab,""
R80302558,Shahpur Jahania,Punjab,""
R80302442,Shamaspur,Punjab,""
R80302581,Sherpur,Punjab,""
RPK7259,Tibbi Ghaus,Punjab,""
R80302650,Ugoki,Punjab,""
R80302797,Upper Topa,Punjab,""
R80302718,Wagah,Punjab,""
R80302504,Wagowal,Punjab,""
R80302467,Wah Cantt,Punjab,""
R80302714,Yousaf Wala,Punjab,""
R80302924,Bandhi,Sindh,""
R80302875,Bangul Dero,Sindh,""
R80302839,Bhanbore,Sindh,""
R80302805,Daro,Sindh,""
R80302865,Jam,Sindh,""
R6087710,Mirpur Bathoro,Sindh,""
R80302906,New Saeedabad,Sindh,""
R80302840,Petaro,Sindh,""
R80302352,Swat,Khyber Pakhtunkhwa,""
R80302886,Khairpur Mir's,Sindh,""
R80302549,Biddar Marjan,Punjab,""
R80302501,Bonga Hayyat,Punjab,""
R80302270,Buner,Khyber Pakhtunkhwa,""
RPK16,Burewala,Punjab,""
R80302282,Chak Dara,Khyber Pakhtunkhwa,""
R80302787,Chakwal,Punjab,""
R80302448,Khambi,Punjab,""
R80302456,Changa Manga,Punjab,""
R80302357,Charsadda,Khyber Pakhtunkhwa,""
R80302615,Chashma,Punjab,""
R80302761,Cheenab Nagar,Punjab,""
R80302496,Chichawatni,Punjab,""
R80302987,Chilas,Gilgit-Baltistan,""
RPK12,Chiniot,Punjab,""
R80302361,Jamal Garhi,Khyber Pakhtunkhwa,""
R80302928,Khoski,Sindh,""
R80302827,Matli,Sindh,""
R80302682,Bhopalwala,Punjab,""
R80302929,Mohenjo Daro,Sindh,""
R80302817,Nasarpur,Sindh,""
R80302802,Naukot,Sindh,""
R80302862,Ninda,Sindh,""
R80302822,Pangrio,Sindh,""
R80302829,Qambar Shahdadkot,Sindh,""
R80302853,Warah,Sindh,""
R80316267,Ziarat,Balochistan,""
R80302896,Ratodero,Sindh,""
R8192015,Bagh,Azad Kashmir,""
RPK44,Barkhan,Balochistan,""
R80302936,Barnala,Azad Kashmir,""
R80302811,Sanjar Chang,Sindh,""
R80302959,Chaman,Balochistan,""
R8187464,Dadyal,Azad Kashmir,""
R80302887,Shaheed Benazirabad,Sindh,""
R80302982,Dhadar,Balochistan,""
RPK61,Hunza,Gilgit-Baltistan,""
R80302974,Jafarabad,Balochistan,""
R80302990,Khaplu,Gilgit-Baltistan,""
R80307352,Kohlu,Balochistan,""
R80302826,Tando Soomro,Sindh,""
R80302972,Muslim Bagh,Balochistan,""
R80302969,Pasni,Balochistan,""
RPK43,Dera Bugti,Balochistan,""
R80302898,Ranipur,Sindh,""
R80302832,Sarhari,Sindh,""
R80302809,Shikarpur,Sindh,""
R80302964,Sorab,Balochistan,""
R80302902,Sultan Kot,Sindh,""
R80302830,Tando Gulam Ali,Sindh,""
R80307354,Umarkot,Sindh,""
R80302816,Ubaouro,Sindh,""
R80302967,Kanozai,Balochistan,""
R80302940,Hattian Bala,Azad Kashmir,""
R80302984,Bajaur Agency,Federally Administered Tribal Areas,""
R80302977,Miri Kalat Kech,Balochistan,""
RPK53,Qila Abdullah,Balochistan,""
RPK1642,Taftan,Balochistan,""
R80302953,Zia Abad,Balochistan,""
RPK54,Athmuqam,Azad Kashmir,""
R80302947,Jandala,Azad Kashmir,""
R80302939,Jing,Azad Kashmir,""
R80302986,Thana Malakand Agency,Federally Administered Tribal Areas,""
R80302988,Gamba Skardu,Gilgit-Baltistan,""
RPK9951,Islamabad – Airport New Societies,Islamabad,""
R80302355,Chitral,Khyber Pakhtunkhwa,""
R80302874,Chohar Jamali,Sindh,""
R80302446,Chowk Munda,Punjab,""
R80302632,Daira Din Panah,Punjab,""
R80302629,Dajal,Punjab,""
R80302963,Dalbandin,Balochistan,""
R80302561,Daiwal,Punjab,""
R80302687,Dandot,Punjab,""
R80302983,Darra Adam Khel,Federally Administered Tribal Areas,""
R80302338,Dargai,Khyber Pakhtunkhwa,""
R80302917,Darya Khan Mari,Sindh,""
R80302419,Daska,Punjab,""
R80302602,Daud Khel,Punjab,""
R80302920,Daulatpur,Sindh,""
R80316270,Depalpur,Punjab,""
R80302970,Dera Allahyar,Balochistan,""
R80302693,Dera Bakha,Punjab,""
R80302956,Dera Murad Jamali,Balochistan,""
R80302854,Dhabeji,Sindh,""
R80302500,Dhannot,Punjab,""
MRG-CITY-3174e5a1-680,Gojra,Punjab,""
R80302881,Nawabshah,Sindh,""
R80302488,Chishtian,Punjab,""
MRG-CITY-4583b782-a52,Faisalabad Chak,Punjab,""
R80302755,Ghakkar,Punjab,""
R80302921,Gharo,Sindh,""
R80302980,Harnai,Balochistan,""
RPK5,Ghotki,Sindh,""
R80302989,Gilgit,Gilgit-Baltistan,""
R80302901,Golarchi,Sindh,""
R80302425,Gondal,Punjab,""
R80302301,Gujjar Garhi,Khyber Pakhtunkhwa,""
R80302748,Gujar Khan,Punjab,""
MRG-CITY-a6eea7ed-2b5,Gujranwala,Punjab,""
MRG-CITY-4cf9f491-d31,Gujrat,Punjab,""
R80302522,Hafizabad,Punjab,""
R80302942,Hajira,Azad Kashmir,""
R80302812,Hala,Sindh,""
R80302818,Halani,Sindh,""
R80302320,Hangu,Khyber Pakhtunkhwa,""
R80302287,Haripur,Khyber Pakhtunkhwa,""
R80302654,Haroonabad,Punjab,""
R80302450,Hasilpur,Punjab,""
R80302782,Hassan Abdal,Punjab,""
R80302965,Gwadar,Balochistan,""
R80302688,Jand,Punjab,""
R80302513,Hazro,Punjab,""
R80302960,Hub,Balochistan,""
R80302724,Hujra Shah Muqeem,Punjab,""
MRG-CITY-09410d4a-ab7,Islamabad,Islamabad,""
R80302891,Jhuddo,Sindh,""
R80302910,Johi,Sindh,""
R80302762,Jampur,Punjab,""
R80302895,Jamshoro,Sindh,""
R80302784,Jhawarian,Punjab,""
R80302362,Jehangira,Khyber Pakhtunkhwa,""
RPK55,Jahanian,Punjab,""
R80302747,Jhelum,Punjab,""
R80302519,Jamal Din Wali,Punjab,""
R80302455,Kahuta,Punjab,""
R80302635,Kalabagh,Punjab,""
R80302954,Kallat,Balochistan,""
R80302472,Kaloor Kot,Punjab,""
RPK7,Talagang,Punjab,""
RPK5794,Havelian,Khyber Pakhtunkhwa,""
R80302661,Kamoke,Punjab,""
R80302523,Kamra,Punjab,""
R80302813,Kandhkot,Sindh,""
R80302363,Kangra,Khyber Pakhtunkhwa,""
R80302944,Kalyal,Azad Kashmir,""
R80302804,Kandiaro,Sindh,""
MRG-CITY-49fadfa0-275,Karachi,Sindh,""
R80302370,Karak,Khyber Pakhtunkhwa,""
R80302883,Karampur,Sindh,""
R80302530,Karianwala,Punjab,""
RPK15,Kahror Pakka,Punjab,""
R80302847,Kashmore,Sindh,""
R80302548,Kasur,Punjab,""
R80302359,Katlang,Khyber Pakhtunkhwa,""
R80302541,Khan Bella,Punjab,""
R80302508,Khan Garh,Punjab,""
R80302764,Khanewal,Punjab,""
R80302606,Khanpur,Punjab,""
RPK7227,Khanqah Sharif,Punjab,""
R80302971,Kharan,Balochistan,""
R80302837,Kamber Ali Khan,Sindh,""
R80302689,Karmabad,Punjab,""
R80302535,Khurianwala,Punjab,""
R80302651,Khushab,Punjab,""
R80302976,Khuzdar,Balochistan,""
R80302332,Kohat,Khyber Pakhtunkhwa,""
RPK4,Kot Addu,Punjab,""
R80302503,Kot Mithan,Punjab,""
R80306590,Kot Momin,Punjab,""
R80302760,Kot Rada Kishan,Punjab,""
R80302642,Kotli Loharan,Punjab,""
R80302866,Kotri,Sindh,""
R80316262,Kuchlak,Balochistan,""
R80302627,Kundian,Punjab,""
R80302904,Kunri,Sindh,""
R80302289,Lachi,Khyber Pakhtunkhwa,""
R6589888,Lakki Marwat,Khyber Pakhtunkhwa,""
R80316271,Lala Musa,Punjab,""
R80302453,Lalian,Punjab,""
R80302801,Larkana,Sindh,""
R80302578,Layyah,Punjab,""
R80302852,Khipro,Sindh,""
R80302966,Lasbela,Balochistan,""
R80302554,Lower Topa,Punjab,""
R80302744,Luddhan,Punjab,""
R80302838,Machi Goth,Sindh,""
R80302526,Machiwala,Punjab,""
RPK6,Mailsi,Punjab,""
R80302521,Makhdoompur,Punjab,""
R80302305,Malakand,Khyber Pakhtunkhwa,""
R80302313,Malikpura,Khyber Pakhtunkhwa,""
RPK7270,Malowal,Punjab,""
RPK1676,Mananwala,Punjab,""
R80302557,Mandi Bhauddin,Punjab,""
R80302426,Mandi Faiz Abad,Punjab,""
R80302356,Mandian,Khyber Pakhtunkhwa,""
R80302350,Mansehra,Khyber Pakhtunkhwa,""
R80302336,Mardan,Khyber Pakhtunkhwa,""
R80302979,Mastung,Balochistan,""
R80302925,Matiari,Sindh,""
R80302824,Mehar,Sindh,""
R80302663,Mehmood Kot,Punjab,""
R80302880,Mehrabpur,Sindh,""
R80302950,Loralai,Balochistan,""
R80302985,Miran Shah,Federally Administered Tribal Areas,""
R80302815,Mirokhan,Sindh,""
R80302949,Mirpur A.K.,Azad Kashmir,""
R80302843,Mirpur Khas,Sindh,""
R6087709,Mirpur Sakro,Sindh,""
R80306604,Mitha Tiwana,Punjab,""
R6109508,Mithi,Sindh,""
R80302474,Mitro,Punjab,""
R80302636,More Emin Abad,Punjab,""
R80302819,Moro,Sindh,""
R80302485,Mubarakpur,Punjab,""
R80302723,Mulhal Mughlan,Punjab,""
MRG-CITY-63fe917f-6da,Multan,Punjab,""
R80316272,Muridke,Punjab,""
R80302604,Murree,Punjab,""
R80302464,Muslimabad,Punjab,""
R80302677,Nankana Sahib,Punjab,""
R80302711,Narowal,Punjab,""
R80302655,Naseera,Punjab,""
R80302785,Naudero,Punjab,""
R80302591,Nizamabad,Punjab,""
R80302768,Minchinabad,Punjab,""
R80302484,Nowshera Virkan,Punjab,""
MRG-CITY-abd09de7-ffa,Okara,Punjab,""
R80302930,Pacca Chang,Sindh,""
R80302582,Padhrar,Punjab,""
R80302341,Pakhwal,Khyber Pakhtunkhwa,""
R80302607,Pak Pattan,Punjab,""
R80302946,Pallandri,Azad Kashmir,""
R80302975,Panj Gur,Balochistan,""
R80302897,Panno Aqil,Sindh,""
R80302388,Para Chinar,Khyber Pakhtunkhwa,""
RPK40,Pattoki,Punjab,""
MRG-CITY-ad3938b4-67e,Peshawar,Khyber Pakhtunkhwa,""
R80302836,Phulji Station,Sindh,""
R80302728,Phularwan,Punjab,""
R80302708,Pind Dadan Khan,Punjab,""
RPK11,Pindi Bhattian,Punjab,""
R80302584,Pindi Gheb,Punjab,""
R80302831,Pir Jo Goth,Sindh,""
R80302577,Pir Mahal,Punjab,""
R80302981,Pishin,Balochistan,""
R80302968,Nushki,Balochistan,""
R80302322,Rashakai,Khyber Pakhtunkhwa,""
R80306602,Qaidabad,Punjab,""
R80302389,Qalander Abad,Khyber Pakhtunkhwa,""
R80302871,Qazi Ahmad,Sindh,""
RPK36,Qila Saifullah,Balochistan,""
MRG-CITY-df7e4f48-ea3,Quetta,Balochistan,""
R80302699,Rahim Yar Khan,Punjab,""
R80302597,Raiwind,Punjab,""
R80302841,Radhan,Sindh,""
R80302537,Rajana,Punjab,""
R80302863,Sakrand,Sindh,""
R80302900,Samaro,Sindh,""
MRG-CITY-4491224e-ce0,Rawalpindi,Punjab,""
R80302329,Risalpur,Khyber Pakhtunkhwa,""
R80302849,Rohri,Sindh,""
R80302799,Sadiqabad,Punjab,""
R80302565,Sahiwal,Punjab,""
R80302685,Rajanpur,Punjab,""
R80302509,Rangoo,Punjab,""
R80302821,Talhar,Sindh,""
R80302698,Talwandi,Punjab,""
R80302392,Qadir Abad,Punjab,""
RPK8,Sanghar,Sindh,""
RPK13,Sangla Hill,Punjab,""
R80302430,Shadan Lund,Punjab,""
R80302935,Shahdad Kot,Sindh,""
R80302806,Shahdadpur,Sindh,""
R80302539,Shahdara,Punjab,""
R80302492,Shahpur,Punjab,""
R80302907,Shahpur Chakar,Sindh,""
RPK1704,Shakar Garh,Punjab,""
R80302625,Sheikhupura,Punjab,""
RPK41,Shorkot,Punjab,""
R80302740,Shujaabad,Punjab,""
MRG-CITY-30a543d6-c3e,Sialkot,Punjab,""
R80306594,Sillanwali,Punjab,""
R80302872,Singhoro,Sindh,""
R80302991,Skardu,Gilgit-Baltistan,""
R80302803,Sobho Dero,Sindh,""
R80302955,Sui,Balochistan,""
R80302916,Sujawal,Sindh,""
R80302884,Tando Adam,Sindh,""
R80302491,Sanawan,Punjab,""
R80302807,Tando Bagho,Sindh,""
R80302576,Sambrial,Punjab,""
R80302899,Tando Allahyar,Sindh,""
R80302927,Tando Jam,Sindh,""
R80302292,Tank,Khyber Pakhtunkhwa,""
R80302445,Taxila,Punjab,""
R80302859,Thana Bola Khan,Sindh,""
R80302406,Toba Tek Singh,Punjab,""
R80302279,Topi,Khyber Pakhtunkhwa,""
R80302864,Thari Mirwah,Sindh,""
RPK63,Thatta,Sindh,""
R80302958,Turbat,Balochistan,""
R80302616,Uch Sharif,Punjab,""
R80302307,Umarzai,Khyber Pakhtunkhwa,""
R80302310,Upper Dir,Khyber Pakhtunkhwa,""
R80302978,Usta Mohammad,Balochistan,""
R80302973,Uthal,Balochistan,""
R80302626,Begowal,Punjab,""
R80302695,Vehari,Punjab,""
R80302499,Wah,Punjab,""
R80302710,Vanjari,Punjab,""
R80302481,Wasu,Punjab,""
R80302613,Wazirabad,Punjab,""
R80302325,Dakota,Khyber Pakhtunkhwa,""
R80302923,Garhi Khairo,Sindh,""
MRG-CITY-afbf7b45-be1,Hyderabad,Sindh,""
R80302773,Joharabad,Punjab,""
MRG-CITY-381995ac-602,Bahawalpur,Punjab,""
R80302962,Zhob,Balochistan,""
R80302842,Thul,Sindh,""
R80302330,Abbottabad,Khyber Pakhtunkhwa,""
R80302463,Abdul Hakim,Punjab,""
R80302680,Arif Wala,Punjab,""
RPK57,Awaran,Balochistan,""
RPK9,Badin,Sindh,""
R80302961,Winder,Balochistan,""
R80302342,Balakot,Khyber Pakhtunkhwa,""
R80302286,Bari Kot,Khyber Pakhtunkhwa,""
R80302889,Bhit Shah,Sindh,""
RPK10,Kamalia,Punjab,""
MRG-CITY-93754981-414,Lahore,Punjab,""
R80302411,Kharian,Punjab,""
R80302497,Liaquatpur,Punjab,""
R80302926,Waggan,Sindh,""
R80302952,Sibbi,Balochistan,""
R80302451,Jhang,Punjab,""
RPK34,Mian Channu,Punjab,""
R80302662,Mianwali,Punjab,""
R80302667,Muzaffargarh,Punjab,""
R80302882,Nooriabad,Sindh,""
R80302290,Nowshera,Khyber Pakhtunkhwa,""
R80302312,Qaboola Sharif,Khyber Pakhtunkhwa,""
R80302720,Qadir Pur Rawan,Punjab,""
R80302721,Samundari,Punjab,""
R80302407,Sargodha,Punjab,""
R80302908,Sukkur,Sindh,""
R80302285,D.I.Khan,Khyber Pakhtunkhwa,""
R80302378,Garhi Habibullah,Khyber Pakhtunkhwa,""
R80302269,Gumbad Maria,Khyber Pakhtunkhwa,""
R80302296,Hattar,Khyber Pakhtunkhwa,""
R80302299,Mangora,Khyber Pakhtunkhwa,""
R80302272,Potha,Khyber Pakhtunkhwa,""
R80302328,Sarae Norang,Khyber Pakhtunkhwa,""
R80302297,Ser Dheri,Khyber Pakhtunkhwa,""
R80302435,Allahabad,Punjab,""
R80302767,Baseerpur,Punjab,""
R80302681,Chechian,Punjab,""
R80302552,D.G Khan,Punjab,""
R80302490,Garh More,Punjab,""
R80302570,Gullen Khel,Punjab,""
RPK7203,Haji Wala,Punjab,""
RPK7279,Harappa,Punjab,""
R80302652,Jasarwala,Punjab,""
RPK50,Kabirwala,Punjab,""
R80302645,Kotla Arab Ali Khan,Punjab,""
R80302659,Murad Wala,Punjab,""
R80302637,Mureed,Punjab,""
R80302622,Pasroor,Punjab,""
R80302717,Phool Nagar,Punjab,""
R80302595,Qila Kalar Wala,Punjab,""
R80302590,Tarbela Dam,Punjab,""
RPK7243,Tibba Sultanpur,Punjab,""
R80302528,Zafar Wal,Punjab,""
R80302630,Zahir Pir,Punjab,""
R80302808,Guddu,Sindh,""
R80302855,Jhimpir,Sindh,""
R80302888,Khairpur Nathan Shah,Sindh,""
R80302909,Kot Ghulam Mohammad,Sindh,""
R80307357,Naushero Feroze,Sindh,""
R80302905,Sehwan Sharif,Sindh,""
R6105285,Tando Muhammad Khan,Sindh,""
R8183916,Bhimber,Azad Kashmir,""
R80302938,Chak Swari,Azad Kashmir,""
R80302948,Islamgarh,Azad Kashmir,""
R80302943,Kotli,Azad Kashmir,""
R80302941,Mangla,Azad Kashmir,""
R80302937,Muzafarabad,Azad Kashmir,""
R80302945,Rawalakot,Azad Kashmir,""
